Period,RegionId,RedLightCount,RedLightMoney,AlcoholCount,AlcoholMoney,MobileCount,MobileMoney,SpeedCount,SpeedMoney
2013-01-31,1,85,12750,114,0,87,6960,516,68520
2013-02-28,1,98,14700,131,600,94,7520,583,70910
2013-03-31,1,132,19800,192,200,125,10000,490,63550
2013-04-30,1,120,18000,169,600,101,8080,409,52190
2013-05-31,1,156,23400,195,400,139,11120,588,74400
2013-06-30,1,140,21000,201,1000,116,9280,483,64420
2013-07-31,1,155,23250,291,1600,157,12560,615,81300
2013-08-31,1,210,31500,177,200,211,16880,877,107500
2013-09-30,1,214,32100,167,800,224,17920,1018,128210
2013-10-31,1,242,36300,195,800,229,18320,1325,156550
2013-11-30,1,248,37200,193,600,232,18560,902,105050
2013-12-31,1,199,29850,150,800,223,17840,1838,147110
2014-01-31,1,184,27600,137,400,232,18560,1720,152270
2014-02-28,1,180,27000,129,200,212,16960,1080,118100
2014-03-31,1,265,39750,138,1000,278,22240,1096,129140
2014-04-30,1,228,34200,136,400,295,23600,1171,137740
2014-05-31,1,238,35700,143,400,311,24880,1030,124830
2014-06-30,1,206,30900,117,600,274,21920,1388,147280
2014-07-31,1,238,34050,126,600,238,18480,1342,145940
2014-08-31,1,253,37200,142,800,242,18720,1078,121140
2014-09-30,1,199,27000,110,600,300,23360,877,99710
2014-10-31,1,250,36150,117,400,323,24800,1320,149690
2014-11-30,1,398,59250,131,0,333,25520,1096,125850
2014-12-31,1,281,39150,236,19400,386,29520,1716,159030
2015-01-31,1,251,36000,187,14200,306,23200,1595,155240
2015-02-28,1,209,29250,153,12600,462,35200,876,98980
2015-03-31,1,246,36450,151,9600,463,35120,1001,104680
2015-04-30,1,239,34800,182,13400,444,33760,1701,183450
2015-05-31,1,212,30900,202,13500,587,45440,1208,132090
2015-06-30,1,256,37800,158,12200,515,40320,1416,160730
2015-07-31,1,237,34650,198,13600,553,43280,1430,154110
2015-08-31,1,220,31950,218,15900,349,26160,1382,152050
2015-09-30,1,273,40050,165,8600,616,47920,1471,156790
2015-10-31,1,209,29850,232,12800,459,35040,1761,188580
2015-11-30,1,186,27450,143,6200,441,33520,1117,125980
2015-12-31,1,191,27600,174,8800,351,27760,1675,159570
2016-01-31,1,224,32250,175,10800,346,27040,1081,112840
2016-02-29,1,247,36300,152,10600,407,31520,1034,114570
2016-03-31,1,239,34800,243,14400,517,40400,1357,147590
2016-04-30,1,215,31050,203,15000,354,27520,1300,142840
2016-05-31,1,229,32550,176,8500,325,25440,1175,133760
2016-06-30,1,283,40800,190,11700,469,36480,1373,162220
2016-07-31,1,300,42150,174,6200,536,41360,1264,152500
2016-08-31,1,289,41400,196,13400,539,41600,1215,147620
2016-09-30,1,227,32550,198,12800,486,37280,1108,132250
2016-10-31,1,233,33600,208,11000,329,25440,1374,156960
2016-11-30,1,233,33750,180,11600,422,32400,1028,127400
2016-12-31,1,217,31050,226,15000,344,26560,796,103560
2017-01-31,1,195,26700,173,11400,337,26080,611,77240
2017-02-28,1,192,26850,169,10700,311,24160,668,84980
2017-03-31,1,204,29400,177,11200,348,26400,597,77470
2017-04-30,1,150,21600,177,10800,227,17840,626,78950
2017-05-31,1,213,30300,180,11000,243,18640,683,81120
2017-06-30,1,235,33900,224,13800,205,15840,586,76330
2017-07-31,1,219,31200,180,6600,218,16560,537,66580
2017-08-31,1,183,24900,161,7600,248,19040,422,54970
2017-09-30,1,149,21000,187,8200,200,15120,586,69340
2017-10-31,1,165,22500,214,11600,198,14960,625,70900
2017-11-30,1,161,22050,193,11600,292,22160,410,52590
2017-12-31,1,143,19950,216,14400,209,15600,595,78350
2018-01-31,1,111,16050,166,11000,187,13120,554,72880
2018-02-28,1,131,18150,146,9200,316,24160,527,67320
2018-03-31,1,126,17250,179,10200,254,18960,611,81170
2018-04-30,1,152,20850,173,9300,235,18240,669,90000
2018-05-31,1,176,24150,152,9200,385,30240,576,81830
2018-06-30,1,195,27900,245,15800,317,24640,895,119850
2018-07-31,1,195,25650,214,11400,421,31920,787,102280
2018-08-31,1,201,27900,211,13200,410,31920,715,92440
2018-09-30,1,186,26250,208,11200,322,24720,673,84850
2018-10-31,1,143,19950,203,12600,289,22240,676,88860
2018-11-30,1,157,22200,211,15000,293,22000,491,71310
2018-12-31,1,135,19350,239,19200,376,28720,685,95320
2019-01-31,1,141,19500,156,10000,480,37600,795,112840
2019-02-28,1,152,20850,166,9000,366,27920,519,76330
2019-03-31,1,121,16950,110,5000,239,18480,481,67380
2019-04-30,1,108,14400,121,3800,165,12880,203,32630
2019-05-31,1,161,22200,160,7000,292,22400,578,81390
2019-06-30,1,185,25500,175,11000,524,40320,702,96690
2019-07-31,1,162,21450,140,5400,438,33040,931,117620
2019-08-31,1,129,18000,144,10000,353,26880,721,92430
2019-09-30,1,207,29850,170,10200,746,57520,828,104030
2019-10-31,1,161,21000,175,11000,617,46640,748,98470
2019-11-30,1,151,19500,158,9800,463,34720,787,100630
2019-12-31,1,161,21300,182,11600,354,26480,661,84970
2020-01-31,1,137,17250,136,10000,381,28560,799,109160
2020-02-29,1,133,15750,149,8400,398,29360,624,82760
2020-03-31,1,130,16350,112,4400,383,28080,677,97200
2020-04-30,1,116,12900,64,2000,167,11440,1535,210980
2020-05-31,1,187,21900,116,4600,333,24080,1614,201800
2020-06-30,1,157,19050,118,5400,332,25040,1273,151450
2020-07-31,1,155,18600,117,6600,404,30560,782,100720
2020-08-31,1,110,13950,121,6000,260,19360,1042,167500
2020-09-30,1,137,18150,112,6000,435,33600,1428,184900
2020-10-31,1,162,20550,181,9400,511,39520,1395,193360
2020-11-30,1,120,14700,157,6600,532,41280,1392,185490
2020-12-31,1,115,14700,158,11200,476,37200,1379,175090
2021-01-31,1,134,17850,139,8800,444,34560,1640,227130
2021-02-28,1,114,14100,97,5200,336,25920,779,128280
2021-03-31,1,90,11100,93,3400,321,25120,1061,156360
2021-04-30,1,136,17550,125,4200,433,34370,1112,152820
2021-05-31,1,153,18450,134,8000,574,84150,795,103580
2021-06-30,1,123,15600,106,3600,464,66000,840,110420
2021-07-31,1,127,16350,160,9200,383,55050,1012,137440
2021-08-31,1,112,13650,93,4000,259,36750,1194,162630
2021-09-30,1,73,9600,37,1200,152,22050,989,146670
2021-10-31,1,93,12300,60,800,259,37350,1073,145580
2021-11-30,1,132,16200,69,3000,310,45150,1526,221100
2021-12-31,1,100,11550,169,11000,285,41850,1188,167260
2022-01-31,1,102,12900,180,12400,363,52200,1700,242190
2022-02-28,1,87,11100,112,4600,353,51300,1033,141100
2022-03-31,1,97,12450,172,11800,342,49200,993,141250
2022-04-30,1,133,15900,166,7400,402,58350,1081,148210
2022-05-31,1,112,14100,138,8400,352,51600,732,108590
2022-06-30,1,110,13200,115,6600,363,51000,905,127080
2022-07-31,1,107,13800,159,9400,304,44100,768,110500
2022-08-31,1,111,14100,128,5000,421,61950,779,104700
2022-09-30,1,84,10200,178,13400,442,63150,1283,149130
2022-10-31,1,116,15750,160,10800,351,51150,1398,157030
2022-11-30,1,105,13350,136,6200,479,69450,1026,131530
2022-12-31,1,130,17550,202,13600,516,75450,1475,203030
2023-01-31,1,134,17850,114,5800,463,68400,1528,211390
2023-02-28,1,137,17100,156,10400,565,82800,1037,146650
2023-03-31,1,169,21600,202,13800,864,127800,936,132580
2023-04-30,1,114,14400,172,9600,689,100500,1449,202300
2023-05-31,1,149,18900,124,5600,727,105300,1232,164950
2023-06-30,1,128,16950,155,6800,689,101400,1303,165850
2023-07-31,1,123,16050,174,11000,530,76800,1446,184110
2023-08-31,1,113,14550,188,10800,620,90900,1111,142630
2023-09-30,1,115,15600,159,9000,720,105000,1079,136190
2023-10-31,1,118,16050,193,13400,846,124800,1529,199420
2023-11-30,1,126,15750,199,13000,694,101700,1164,154370
2023-12-31,1,123,14850,179,10400,630,92400,1376,183220
2024-01-31,1,119,15900,139,7400,515,75900,1802,240000
2024-02-29,1,128,16200,155,9600,511,73500,1088,138180
2024-03-31,1,119,15150,181,11400,656,93450,1375,178840
2024-04-30,1,127,16950,157,8400,632,90900,1705,205890
2024-05-31,1,153,20400,150,9200,678,97650,1602,197880
2024-06-30,1,127,16500,163,8800,584,84450,1910,228150
2024-07-31,1,125,16350,136,7800,569,82950,1611,188010
2024-08-31,1,133,16800,138,8600,550,78750,1879,216520
2024-09-30,1,133,17100,193,10400,452,64650,2757,294200
2024-10-31,1,105,13050,151,8400,376,53850,2788,272610
2024-11-30,1,101,13650,166,12000,454,66000,2997,275100
2024-12-31,1,112,15000,167,9700,433,62850,3669,350780
2025-01-31,1,104,12000,129,8400,315,45750,3160,316220
2025-02-28,1,99,12300,139,8200,317,45150,3403,334180
2025-03-31,1,119,14100,159,9000,365,52800,3326,330750
2025-04-30,1,134,20100,176,8600,354,53100,3096,313600
2025-05-31,1,122,18300,150,7200,500,75000,3111,316890
2025-06-30,1,90,13500,169,13000,388,58200,2739,283970
2025-07-31,1,85,12750,143,8900,480,72000,3018,291730
2025-08-31,1,89,13350,188,13400,374,56100,3146,296380
2025-09-30,1,91,13650,146,7800,398,59700,2951,294860
2025-10-31,1,100,15000,154,8400,373,55950,3041,307600
2025-11-30,1,73,10950,130,9600,347,52050,2997,291700
2025-12-31,1,111,16650,131,8000,318,47700,4030,433440
2026-01-31,1,93,13950,134,8200,399,59850,3772,398520
2026-02-28,1,89,13350,135,9200,395,59250,2842,287210
2026-03-31,1,93,13950,137,8400,390,58500,2715,269990
2013-01-31,2,22,3300,220,1400,54,4320,2033,247940
2013-02-28,2,35,5250,181,2200,39,3120,1786,226350
2013-03-31,2,33,4950,201,2000,56,4480,1970,231580
2013-04-30,2,39,5850,183,400,47,3760,2041,238060
2013-05-31,2,41,6150,217,1600,84,6720,2374,276340
2013-06-30,2,61,9150,244,800,50,4000,2305,261790
2013-07-31,2,32,4800,177,800,74,5920,2271,261400
2013-08-31,2,30,4500,224,1600,93,7440,2519,276850
2013-09-30,2,43,6450,222,1400,78,6240,2587,296690
2013-10-31,2,57,8550,225,1400,102,8160,2953,324110
2013-11-30,2,25,3750,180,1800,89,7120,2474,286020
2013-12-31,2,39,5850,204,1200,45,3600,2629,257760
2014-01-31,2,30,4500,193,1200,49,3920,2766,279530
2014-02-28,2,25,3750,142,400,65,5200,1706,194360
2014-03-31,2,33,4950,160,800,79,6320,2041,240790
2014-04-30,2,36,5400,151,1200,62,4960,2236,254670
2014-05-31,2,51,7650,172,1200,100,8000,2366,262330
2014-06-30,2,45,6750,136,200,66,5280,2313,261510
2014-07-31,2,31,4650,163,1000,66,5280,2570,284520
2014-08-31,2,45,6750,185,1200,84,6720,2487,279240
2014-09-30,2,37,5550,176,800,78,6240,2293,252020
2014-10-31,2,31,4650,175,600,71,5680,2462,265560
2014-11-30,2,26,3900,165,1400,74,5760,2026,232060
2014-12-31,2,31,4650,264,19000,80,6160,2152,224830
2015-01-31,2,30,4500,227,14000,51,3680,1951,206820
2015-02-28,2,25,3750,189,11200,79,6160,1709,192360
2015-03-31,2,33,4950,212,11400,87,6960,1957,228220
2015-04-30,2,28,4200,201,12600,88,6960,2194,235990
2015-05-31,2,42,6150,216,12000,91,7120,1909,215380
2015-06-30,2,41,6150,185,10200,102,8080,1934,212100
2015-07-31,2,42,6150,196,11200,119,9200,1874,211380
2015-08-31,2,35,5100,255,15000,100,7840,2245,256020
2015-09-30,2,46,6900,232,15000,144,11280,2043,236560
2015-10-31,2,31,4350,241,16600,90,7120,2184,259260
2015-11-30,2,44,6150,212,13900,126,9440,1898,216770
2015-12-31,2,32,4650,293,20700,108,8240,2660,293390
2016-01-31,2,36,4950,223,17000,82,6320,2226,245890
2016-02-29,2,26,3900,224,11800,87,6800,2023,237440
2016-03-31,2,31,4650,192,12800,112,8720,2051,240540
2016-04-30,2,41,6150,226,15400,98,7520,2243,255740
2016-05-31,2,33,4800,201,10800,106,8240,2088,247120
2016-06-30,2,37,5400,212,14400,75,5840,2311,273500
2016-07-31,2,42,5850,242,14900,113,8880,2330,275630
2016-08-31,2,43,6450,255,15800,176,14080,2734,314650
2016-09-30,2,51,7350,237,13000,104,8240,2474,288520
2016-10-31,2,51,7500,243,14200,127,9920,2909,331350
2016-11-30,2,41,6000,190,11100,134,10720,2131,247410
2016-12-31,2,48,7050,316,16600,104,8160,3638,394550
2017-01-31,2,42,6300,204,14200,108,8560,2785,314090
2017-02-28,2,33,4800,219,12400,97,7280,1977,227740
2017-03-31,2,46,6750,241,15000,109,8240,2119,245710
2017-04-30,2,32,4650,189,8400,90,7120,1596,192850
2017-05-31,2,52,7650,232,13400,124,9760,2451,294380
2017-06-30,2,37,5550,193,8000,94,7520,2557,302680
2017-07-31,2,44,6600,242,11000,109,8480,2633,308920
2017-08-31,2,45,6450,218,12000,111,8720,2409,286320
2017-09-30,2,35,5250,291,18800,101,7920,2298,276080
2017-10-31,2,32,4650,275,16600,124,9680,2173,267280
2017-11-30,2,34,4800,262,17600,127,10000,1810,230080
2017-12-31,2,33,4800,327,21800,108,8560,2559,323850
2018-01-31,2,29,4200,242,17200,77,6160,1606,204710
2018-02-28,2,32,4200,180,10200,132,10320,1545,199230
2018-03-31,2,32,4800,218,12200,97,7600,1562,194650
2018-04-30,2,29,4350,243,18400,77,6160,1669,211920
2018-05-31,2,46,6900,269,16800,123,9760,2020,242430
2018-06-30,2,23,3450,277,17800,104,8240,2024,242990
2018-07-31,2,32,4800,213,13600,117,9120,2130,251950
2018-08-31,2,27,4050,268,17400,104,8000,2228,267810
2018-09-30,2,24,3300,258,14000,117,9360,1962,239200
2018-10-31,2,35,4950,231,13600,86,6880,2039,259070
2018-11-30,2,29,4050,263,18000,152,11600,1838,224880
2018-12-31,2,30,4500,379,26000,93,7360,2113,257210
2019-01-31,2,23,3000,224,13400,112,7680,1877,234050
2019-02-28,2,20,2550,212,13000,67,5280,1525,190400
2019-03-31,2,27,3750,196,9000,104,7920,1640,205430
2019-04-30,2,31,4650,144,7400,55,4240,1806,233380
2019-05-31,2,33,4950,226,12800,72,5360,1832,235190
2019-06-30,2,25,3450,238,14800,120,9040,3123,380730
2019-07-31,2,31,4650,197,10200,90,7200,2003,246230
2019-08-31,2,33,4950,220,10400,72,5600,2159,266410
2019-09-30,2,25,3450,201,12000,109,8400,1648,206570
2019-10-31,2,19,2400,163,7400,111,8560,1717,213920
2019-11-30,2,14,1950,230,13600,134,10480,1735,218440
2019-12-31,2,41,5550,336,23600,87,6080,1974,247940
2020-01-31,2,22,3150,215,14400,97,7440,1944,252100
2020-02-29,2,31,4500,213,12800,161,12080,1582,203370
2020-03-31,2,24,2850,147,6600,132,10080,1422,185880
2020-04-30,2,19,2400,105,2600,46,3520,1377,182040
2020-05-31,2,25,3600,158,7800,77,5920,2144,266660
2020-06-30,2,29,3750,184,9000,114,8960,1852,232550
2020-07-31,2,25,3300,205,11000,62,4640,2041,263480
2020-08-31,2,33,4800,200,7400,162,12480,2184,274710
2020-09-30,2,26,3900,218,10000,164,12800,2160,271740
2020-10-31,2,26,3600,292,18600,89,6960,2000,262100
2020-11-30,2,19,2700,245,12000,110,8720,1777,226020
2020-12-31,2,22,3300,345,22400,87,6560,1883,257000
2021-01-31,2,20,2850,250,13600,59,4320,1658,227050
2021-02-28,2,9,1050,171,8000,106,8080,1516,194310
2021-03-31,2,21,2700,240,14800,115,8960,1271,182810
2021-04-30,2,23,2850,159,10000,121,9650,1501,219020
2021-05-31,2,34,4800,324,22800,177,26100,1409,207500
2021-06-30,2,27,3600,189,11200,42,6000,1312,184840
2021-07-31,2,34,4350,215,11000,105,15300,1945,268160
2021-08-31,2,19,2550,162,9200,71,10050,1740,254860
2021-09-30,2,21,2700,139,5200,58,8700,1839,265150
2021-10-31,2,30,4200,228,10200,42,6000,1481,212000
2021-11-30,2,38,4200,199,12400,115,16500,1534,229190
2021-12-31,2,15,1500,298,17200,54,7800,1989,272810
2022-01-31,2,28,3750,212,9400,31,4350,2067,304700
2022-02-28,2,22,2850,163,8100,64,9450,1401,201410
2022-03-31,2,22,2850,196,9000,125,18150,1604,228290
2022-04-30,2,29,4050,221,8800,76,11100,2087,287010
2022-05-31,2,35,4800,245,12600,104,15000,1819,247150
2022-06-30,2,38,5400,331,18100,63,9150,1823,245080
2022-07-31,2,27,3150,219,9600,77,11100,1924,257870
2022-08-31,2,35,4800,228,12500,153,22350,2177,305190
2022-09-30,2,40,5550,234,9600,152,22200,1816,247360
2022-10-31,2,35,5250,234,10200,257,37350,2209,296310
2022-11-30,2,28,3750,289,16200,343,50850,1939,258080
2022-12-31,2,44,6300,404,21800,256,37200,2688,363430
2023-01-31,2,41,5700,280,12800,236,34500,2914,379080
2023-02-28,2,36,4800,249,13800,367,54750,2553,305030
2023-03-31,2,32,4650,233,9400,484,71700,2888,349660
2023-04-30,2,41,5850,222,8600,392,58800,3241,381300
2023-05-31,2,43,5850,252,15200,269,39900,2573,292890
2023-06-30,2,66,8700,275,15000,330,48900,3191,371410
2023-07-31,2,39,5400,253,11800,382,55950,3549,409690
2023-08-31,2,30,3750,268,14000,522,78150,2949,348690
2023-09-30,2,28,4050,263,13800,410,60450,3180,379710
2023-10-31,2,43,6150,243,11200,249,36900,3029,365120
2023-11-30,2,45,6450,226,12000,323,48150,2636,329310
2023-12-31,2,49,6450,312,13800,325,47850,2774,353110
2024-01-31,2,37,5100,225,12600,311,46050,2719,333400
2024-02-29,2,47,6450,210,10800,278,40950,2283,270110
2024-03-31,2,24,3450,206,11400,359,53250,2323,284950
2024-04-30,2,37,5100,190,10800,438,63600,2524,307760
2024-05-31,2,41,5400,270,13400,426,62100,2464,302340
2024-06-30,2,43,5850,260,13400,441,65550,2167,275690
2024-07-31,2,53,7500,234,13600,434,63450,2242,270480
2024-08-31,2,38,5250,259,14400,332,48450,2713,310220
2024-09-30,2,28,3750,320,18800,334,48750,4334,445300
2024-10-31,2,44,6150,316,21600,285,41700,5442,558400
2024-11-30,2,35,4800,269,17200,264,38400,4304,441330
2024-12-31,2,28,3600,277,17100,252,36000,6661,691040
2025-01-31,2,38,5250,248,15600,215,31500,5152,540380
2025-02-28,2,41,5550,168,9000,285,42300,3739,393910
2025-03-31,2,53,7050,213,15700,284,41850,3824,396130
2025-04-30,2,48,7200,239,13200,215,32250,4121,442360
2025-05-31,2,52,7800,277,15200,287,43050,4824,490340
2025-06-30,2,35,5250,188,7800,293,43950,4163,441630
2025-07-31,2,37,5550,202,11100,180,27000,4349,455940
2025-08-31,2,44,6600,264,12600,267,40050,4516,477080
2025-09-30,2,28,4200,198,10200,247,37050,4723,465750
2025-10-31,2,40,6000,276,17200,357,53550,4502,459980
2025-11-30,2,36,5400,247,12600,273,40950,4028,400940
2025-12-31,2,29,4350,259,14600,377,56550,4896,494270
2026-01-31,2,32,4800,237,11800,306,45900,4276,431250
2026-02-28,2,34,5100,205,11200,307,46050,3816,394830
2026-03-31,2,24,3600,187,10000,258,38700,3608,354020
2013-01-31,3,127,19050,192,1800,228,18240,3001,364090
2013-02-28,3,83,12450,192,800,206,16480,2464,291100
2013-03-31,3,101,15150,279,800,236,18880,3039,363350
2013-04-30,3,118,17700,209,1600,216,17280,2740,329250
2013-05-31,3,148,22200,218,800,266,21280,2683,316440
2013-06-30,3,123,18450,265,1400,196,15680,2861,330050
2013-07-31,3,114,17100,181,1800,231,18480,3467,413530
2013-08-31,3,112,16800,227,1800,244,19520,3177,389060
2013-09-30,3,113,16950,244,800,231,18480,2702,335660
2013-10-31,3,114,17100,221,1600,290,23200,3616,426180
2013-11-30,3,105,15750,267,1800,252,20160,2404,293440
2013-12-31,3,105,15750,239,2200,166,13280,4078,366740
2014-01-31,3,96,14400,148,1200,191,15280,3529,344710
2014-02-28,3,76,11400,194,1400,291,23280,2464,286840
2014-03-31,3,116,17400,252,1600,243,19440,2801,342840
2014-04-30,3,141,21150,190,800,262,20960,2738,318100
2014-05-31,3,135,20250,272,2200,419,33520,3008,365240
2014-06-30,3,117,17550,191,600,305,24400,2999,357450
2014-07-31,3,133,19950,220,600,324,25840,3070,372770
2014-08-31,3,127,18600,223,1000,327,26080,3139,391230
2014-09-30,3,105,15600,220,1400,333,26560,2461,311070
2014-10-31,3,126,18900,244,1600,423,33760,3163,374360
2014-11-30,3,118,17700,266,1000,398,31840,2798,348570
2014-12-31,3,124,18600,287,18800,346,27680,3310,348680
2015-01-31,3,87,13050,243,18800,372,29520,3102,356340
2015-02-28,3,97,14550,257,17200,358,28640,2575,317230
2015-03-31,3,115,17250,269,19200,432,34560,2662,335820
2015-04-30,3,116,17400,219,13200,297,23760,2877,350160
2015-05-31,3,113,16800,269,17300,366,29280,2950,361000
2015-06-30,3,126,18750,250,15700,304,24320,2563,301790
2015-07-31,3,126,18900,263,18400,306,24480,2854,357790
2015-08-31,3,152,22800,271,18200,288,23040,2762,347720
2015-09-30,3,120,17850,260,17600,835,66720,3016,362410
2015-10-31,3,120,17700,271,16600,270,21520,3171,396260
2015-11-30,3,131,19350,307,20600,306,24480,2911,369020
2015-12-31,3,151,22350,261,20400,312,24960,4470,479230
2016-01-31,3,103,15450,222,14000,270,21520,3493,376560
2016-02-29,3,150,22200,226,17700,366,29280,3389,413250
2016-03-31,3,154,22950,234,18200,477,38160,3680,428230
2016-04-30,3,107,16050,227,13200,378,30160,3111,392580
2016-05-31,3,131,19350,231,17400,254,20240,2826,343430
2016-06-30,3,108,16050,194,13200,309,24400,3315,385650
2016-07-31,3,118,17400,256,15800,394,31360,2882,354870
2016-08-31,3,139,20250,222,10400,529,41840,3404,416030
2016-09-30,3,122,17700,229,13800,330,26080,3156,393280
2016-10-31,3,114,16950,234,13600,399,31520,3015,381930
2016-11-30,3,96,13800,239,15200,349,27680,2608,333980
2016-12-31,3,98,14400,364,30800,307,24240,3181,384970
2017-01-31,3,81,12150,213,14000,208,16400,2622,324400
2017-02-28,3,78,11400,198,12600,208,16080,2230,295300
2017-03-31,3,109,15750,216,13400,409,32160,2350,313120
2017-04-30,3,88,12750,198,11800,174,13520,2451,325390
2017-05-31,3,114,16650,205,11800,238,18960,2336,307720
2017-06-30,3,110,15450,179,12900,192,15040,2597,347660
2017-07-31,3,79,11250,203,9800,141,10800,1775,246460
2017-08-31,3,103,14700,210,12600,228,18240,2400,309910
2017-09-30,3,82,12000,243,13000,190,15200,2274,310420
2017-10-31,3,83,12300,203,10800,238,18640,2871,374390
2017-11-30,3,81,11700,250,17600,360,28000,2519,330490
2017-12-31,3,93,13200,237,14600,260,20640,2978,392670
2018-01-31,3,82,12000,161,8700,193,15040,2639,343480
2018-02-28,3,76,11250,182,10400,257,20240,2308,311180
2018-03-31,3,76,10800,220,9800,278,22000,3294,439690
2018-04-30,3,84,12150,177,10000,282,22320,3198,425330
2018-05-31,3,95,13800,184,11200,327,25600,2783,361010
2018-06-30,3,102,14250,240,14000,298,23120,3092,393030
2018-07-31,3,111,16650,214,10200,305,23840,3175,428640
2018-08-31,3,91,12900,197,12800,326,25280,3814,498500
2018-09-30,3,111,15750,227,11800,341,26720,3358,431590
2018-10-31,3,104,14400,195,9600,255,20160,3154,421060
2018-11-30,3,113,15150,226,12800,495,38400,2941,384110
2018-12-31,3,86,10800,211,9800,288,22320,3016,412800
2019-01-31,3,87,11550,165,9000,256,19760,2782,380590
2019-02-28,3,97,12450,155,7800,351,26800,2750,380000
2019-03-31,3,96,12300,182,10800,247,18800,2676,373580
2019-04-30,3,86,11850,184,8600,292,22480,3098,418030
2019-05-31,3,109,15000,175,9400,353,27280,3143,420900
2019-06-30,3,94,12600,210,11000,284,22160,3324,441670
2019-07-31,3,93,12750,149,8400,354,27440,3042,392990
2019-08-31,3,114,15450,230,14400,339,26160,4017,527550
2019-09-30,3,96,12600,185,10200,571,43600,2886,389840
2019-10-31,3,70,9600,193,11400,545,42240,3515,459240
2019-11-30,3,99,14100,239,16800,369,28080,3085,417120
2019-12-31,3,79,10650,248,17000,451,34880,3433,465790
2020-01-31,3,86,11100,153,8800,314,24240,3625,489460
2020-02-29,3,105,13800,182,12600,605,46160,3072,419480
2020-03-31,3,95,11400,154,7600,631,47840,2605,338720
2020-04-30,3,68,8250,102,3600,181,13200,2701,353320
2020-05-31,3,107,14700,186,6600,661,49200,4307,542210
2020-06-30,3,134,16500,184,9200,725,54080,4031,487450
2020-07-31,3,127,15600,243,15800,426,32080,3770,477160
2020-08-31,3,101,12900,212,10200,717,55120,3647,464630
2020-09-30,3,113,14100,184,8600,544,41600,4410,548620
2020-10-31,3,102,13350,272,17400,513,38960,3714,468490
2020-11-30,3,93,10950,208,9000,437,33440,3351,419050
2020-12-31,3,104,13800,217,12800,477,36800,3736,484410
2021-01-31,3,84,11100,197,10200,382,29360,3499,463210
2021-02-28,3,77,10350,155,7400,754,57520,3950,502230
2021-03-31,3,102,13200,195,10600,716,55280,3659,481880
2021-04-30,3,81,10950,196,8600,555,44680,3187,427620
2021-05-31,3,94,12450,231,15400,587,84450,3410,428830
2021-06-30,3,97,12450,207,11000,427,61950,3578,465370
2021-07-31,3,107,13800,229,10800,453,66150,3952,503340
2021-08-31,3,70,9150,154,6600,375,53400,3341,443400
2021-09-30,3,100,13200,147,8200,671,97050,3791,500740
2021-10-31,3,86,10950,175,8600,627,90000,3341,443690
2021-11-30,3,89,11100,191,9400,732,107250,3151,399870
2021-12-31,3,83,10800,224,10600,412,60150,3348,437370
2022-01-31,3,73,9300,175,7400,334,49050,3531,448850
2022-02-28,3,70,9900,151,8000,525,76350,2557,321060
2022-03-31,3,75,9000,175,9000,614,89100,3282,408890
2022-04-30,3,100,13350,194,10000,462,66750,3958,498550
2022-05-31,3,112,14700,245,14400,833,118650,3681,436400
2022-06-30,3,99,12000,224,15200,778,112800,4144,490580
2022-07-31,3,94,12000,232,15000,615,88350,3412,416440
2022-08-31,3,112,13650,202,12000,752,106950,4190,513930
2022-09-30,3,89,11700,240,14600,633,90000,4209,507160
2022-10-31,3,83,10500,236,12200,695,100200,4084,505160
2022-11-30,3,82,10650,244,15200,585,85200,3801,479300
2022-12-31,3,91,11100,269,17600,671,97950,5018,613190
2023-01-31,3,73,9600,190,12000,430,61350,3754,482500
2023-02-28,3,65,8400,214,11600,535,78750,3269,417550
2023-03-31,3,79,10350,179,8200,722,104850,3919,500510
2023-04-30,3,75,9300,214,12000,476,69600,3745,474100
2023-05-31,3,99,12750,175,9600,601,87150,3852,478590
2023-06-30,3,70,9000,204,10800,544,78750,4103,497520
2023-07-31,3,73,9450,236,11400,476,68850,3318,410480
2023-08-31,3,85,11550,225,14400,791,112800,4399,524300
2023-09-30,3,64,7650,238,13600,764,110250,4143,484200
2023-10-31,3,84,10800,297,24200,903,131250,4584,522200
2023-11-30,3,83,11250,294,18800,1156,167400,5646,619250
2023-12-31,3,88,10950,290,15400,686,99000,5470,624600
2024-01-31,3,76,9600,184,10600,485,70650,3976,461650
2024-02-29,3,63,8700,207,12800,633,92550,3752,430410
2024-03-31,3,71,9150,236,11200,599,87000,4424,512060
2024-04-30,3,76,9300,224,8600,663,97500,3716,432200
2024-05-31,3,90,11100,270,16000,732,107250,3765,434070
2024-06-30,3,87,10200,281,16400,588,84900,4330,488590
2024-07-31,3,85,11250,214,12000,603,87900,3748,414140
2024-08-31,3,101,13500,224,15600,729,106800,4699,518210
2024-09-30,3,92,12150,301,21200,1037,151950,5982,627190
2024-10-31,3,77,10800,284,19800,1088,158250,5334,563750
2024-11-30,3,89,10950,250,18600,849,123900,5200,568020
2024-12-31,3,71,9600,242,13400,803,116850,5889,647550
2025-01-31,3,76,9900,156,9800,700,102900,5092,562130
2025-02-28,3,78,10200,162,7400,743,109050,4655,523540
2025-03-31,3,62,8400,205,10800,705,102750,4846,535180
2025-04-30,3,73,10950,183,12300,715,107250,5415,580950
2025-05-31,3,59,8850,214,11200,631,94650,5509,599780
2025-06-30,3,64,9600,212,12200,499,74850,5829,594140
2025-07-31,3,72,10800,210,11000,778,116700,6007,625780
2025-08-31,3,63,9450,208,14500,723,108450,6101,643870
2025-09-30,3,67,10050,234,13200,775,116250,5675,592240
2025-10-31,3,71,10650,210,12200,885,132750,6189,652810
2025-11-30,3,54,8100,205,11400,688,103200,5328,548520
2025-12-31,3,69,10350,243,13800,747,112050,6549,697620
2026-01-31,3,51,7650,170,11800,503,75450,5043,545310
2026-02-28,3,51,7650,161,11600,621,93150,4612,503260
2026-03-31,3,67,10050,226,15200,887,133050,4960,532470
2013-01-31,4,21,3150,95,400,59,4720,2718,339730
2013-02-28,4,44,6600,124,1000,73,5840,2298,285700
2013-03-31,4,66,9900,131,1800,100,8000,2737,323760
2013-04-30,4,46,6900,80,400,52,4160,2170,257500
2013-05-31,4,42,6300,110,400,81,6480,2334,285570
2013-06-30,4,36,5400,122,0,42,3360,1778,196590
2013-07-31,4,42,6300,100,600,94,7520,2398,298230
2013-08-31,4,31,4650,120,600,60,4800,2621,324910
2013-09-30,4,38,5700,104,200,61,4880,2194,285080
2013-10-31,4,28,4200,130,1800,73,5840,2241,263740
2013-11-30,4,37,5550,113,1400,78,6240,1538,201260
2013-12-31,4,29,4350,121,1800,68,5440,2852,286110
2014-01-31,4,17,2550,75,1000,38,3040,2808,279260
2014-02-28,4,43,6450,108,1000,101,8080,1969,251340
2014-03-31,4,58,8700,112,1200,115,9200,2033,251180
2014-04-30,4,42,6300,104,800,70,5600,2848,301030
2014-05-31,4,43,6450,91,400,122,9760,2560,292160
2014-06-30,4,30,4500,102,600,78,6240,2446,282990
2014-07-31,4,48,7200,104,1200,130,10400,2365,267890
2014-08-31,4,40,6000,117,800,120,9600,2863,321680
2014-09-30,4,53,7950,104,400,144,11280,2794,310330
2014-10-31,4,42,6300,91,400,106,8480,3034,323790
2014-11-30,4,28,4200,89,1000,104,8320,2606,309340
2014-12-31,4,30,4500,133,7600,75,6000,3366,365110
2015-01-31,4,29,4200,130,9400,99,7920,2681,302660
2015-02-28,4,32,4800,124,9200,74,5840,2207,260360
2015-03-31,4,47,6750,127,6000,97,7760,2432,295890
2015-04-30,4,28,4200,131,8800,72,5760,2416,272160
2015-05-31,4,48,6900,149,8400,86,6800,2160,247820
2015-06-30,4,30,4500,124,8800,75,5920,1642,195020
2015-07-31,4,34,4800,129,8000,109,8640,2391,277820
2015-08-31,4,32,4500,139,9400,87,6800,2535,296580
2015-09-30,4,26,3600,142,7200,191,15280,2573,301860
2015-10-31,4,25,3450,134,8800,99,7840,2597,292670
2015-11-30,4,42,6150,120,6600,72,5760,2005,244140
2015-12-31,4,32,4650,128,9400,80,6320,3262,355270
2016-01-31,4,24,3450,125,8400,63,4960,2410,284900
2016-02-29,4,33,4800,140,7000,95,7600,2504,311290
2016-03-31,4,32,4650,159,11400,110,8640,2841,342360
2016-04-30,4,51,7500,143,8200,67,5360,2443,309190
2016-05-31,4,36,5400,135,6300,107,8560,2179,255910
2016-06-30,4,30,4500,158,9800,123,9680,2485,293300
2016-07-31,4,34,4800,128,6600,163,12720,2288,279750
2016-08-31,4,47,6900,135,6800,147,11680,2391,292780
2016-09-30,4,37,5400,131,7800,105,8320,2360,298870
2016-10-31,4,31,4350,159,9600,144,11120,2789,345520
2016-11-30,4,32,4500,139,8600,156,12320,2506,316420
2016-12-31,4,22,3150,202,11400,171,13680,3585,428130
2017-01-31,4,27,3750,140,8800,117,9360,2878,371550
2017-02-28,4,21,3000,128,6600,122,9680,2500,327930
2017-03-31,4,39,5700,137,7200,144,10720,2425,319410
2017-04-30,4,27,4050,137,8200,107,8400,2724,335800
2017-05-31,4,29,4200,113,8200,144,11520,2328,292250
2017-06-30,4,22,3300,144,8200,83,6320,2379,297280
2017-07-31,4,24,3600,140,8800,103,7840,1715,211170
2017-08-31,4,28,4200,146,8000,109,8320,2083,263080
2017-09-30,4,20,2850,160,13000,77,6080,1936,248900
2017-10-31,4,22,3300,136,5600,119,9120,2426,317350
2017-11-30,4,27,3750,118,5600,79,5840,1983,251510
2017-12-31,4,24,3600,195,10500,109,8560,2463,319550
2018-01-31,4,17,2550,140,8800,62,4880,1741,234280
2018-02-28,4,25,3600,97,4400,72,5440,1433,193230
2018-03-31,4,24,3600,165,10100,59,4640,1696,234410
2018-04-30,4,32,4800,138,8200,46,3680,1384,190150
2018-05-31,4,19,2850,137,7200,66,5120,1321,173980
2018-06-30,4,28,4050,171,8800,50,4000,1453,191930
2018-07-31,4,32,4650,133,5400,63,5040,1458,183420
2018-08-31,4,31,4050,166,10400,72,5680,1809,237940
2018-09-30,4,27,3450,153,7400,125,9920,1761,227950
2018-10-31,4,33,4350,146,8800,176,13680,1852,241950
2018-11-30,4,27,3750,150,9000,180,13840,1729,229490
2018-12-31,4,28,4050,265,17000,101,7920,2281,310380
2019-01-31,4,17,2400,118,5400,78,6000,1842,251630
2019-02-28,4,24,3450,134,9000,111,8240,1671,238880
2019-03-31,4,21,3000,125,6600,140,10320,1444,207950
2019-04-30,4,36,5100,117,4600,139,10880,1837,261640
2019-05-31,4,31,4200,176,10600,85,6480,1441,193970
2019-06-30,4,32,4500,154,8600,117,8880,1779,226680
2019-07-31,4,39,5550,128,7600,194,14720,1726,228210
2019-08-31,4,39,5400,150,8200,110,8640,2245,289390
2019-09-30,4,37,5550,122,8000,299,22480,1868,246860
2019-10-31,4,22,2850,141,10200,98,7680,1978,251020
2019-11-30,4,26,3600,157,10400,91,7120,2156,290150
2019-12-31,4,18,2400,160,9800,90,6800,2377,324390
2020-01-31,4,26,3600,127,7800,84,6480,2176,294010
2020-02-29,4,20,2550,133,9200,104,8240,1540,212910
2020-03-31,4,26,3600,114,6800,224,16400,1307,180110
2020-04-30,4,8,1200,58,1600,41,3280,494,68410
2020-05-31,4,31,4350,139,6000,84,6480,1595,195340
2020-06-30,4,19,2400,143,6600,97,7440,1681,203850
2020-07-31,4,21,2700,160,9000,77,6000,1861,228340
2020-08-31,4,24,3150,127,6600,96,7200,2009,249340
2020-09-30,4,27,3900,134,7800,110,8480,2017,246890
2020-10-31,4,27,3750,124,5200,88,7040,2229,264870
2020-11-30,4,29,3600,136,5800,161,12720,1907,232270
2020-12-31,4,27,4050,165,11800,131,10240,2502,306980
2021-01-31,4,27,3750,138,7400,137,10800,1881,232080
2021-02-28,4,25,3600,137,8800,182,14560,1606,208700
2021-03-31,4,25,3450,169,8400,199,15360,1689,215160
2021-04-30,4,29,3750,122,5400,162,12670,2194,271390
2021-05-31,4,34,4800,149,8800,140,20400,1803,223480
2021-06-30,4,27,3450,143,9800,91,12750,1849,231690
2021-07-31,4,48,6750,162,9600,218,31950,2443,286390
2021-08-31,4,18,2400,112,6000,155,23250,1899,232800
2021-09-30,4,27,3450,102,6800,145,21150,2088,255700
2021-10-31,4,29,3900,126,5800,125,18300,1976,222970
2021-11-30,4,22,3150,173,13000,233,33900,1978,246260
2021-12-31,4,24,3150,187,12200,200,29250,2717,333590
2022-01-31,4,19,2550,170,9000,206,30150,2450,292940
2022-02-28,4,28,4050,108,5600,141,20850,1823,225370
2022-03-31,4,30,4350,139,8200,219,32550,2123,256890
2022-04-30,4,22,3150,170,10700,142,21150,2832,337900
2022-05-31,4,29,4200,163,10000,200,29700,2405,294040
2022-06-30,4,38,5400,149,9200,248,36750,2376,280730
2022-07-31,4,28,3600,203,10000,145,21750,2014,244300
2022-08-31,4,30,4050,162,10400,287,42750,2822,337130
2022-09-30,4,19,2850,162,9200,126,18450,2489,296350
2022-10-31,4,18,2250,174,9600,208,31050,2610,306200
2022-11-30,4,15,2250,157,9800,185,27750,2361,284080
2022-12-31,4,23,2850,221,16400,170,25500,3093,375190
2023-01-31,4,13,1950,176,12800,144,21600,2383,297100
2023-02-28,4,20,2550,140,7000,163,24150,1966,250510
2023-03-31,4,22,3000,155,8700,172,25500,2467,323460
2023-04-30,4,28,3750,165,11000,144,21150,2720,344700
2023-05-31,4,32,4650,142,8400,155,23250,2279,283230
2023-06-30,4,31,4350,163,10200,207,30900,2582,300690
2023-07-31,4,24,3300,199,12400,184,27150,2636,324020
2023-08-31,4,19,2700,180,12400,257,38100,3225,363770
2023-09-30,4,22,3150,171,9700,261,38850,3206,365860
2023-10-31,4,23,3150,166,10000,418,62400,3480,405060
2023-11-30,4,38,4800,168,10000,512,76350,2671,316370
2023-12-31,4,30,4050,217,13000,436,64350,3799,459950
2024-01-31,4,32,4650,155,8800,436,65250,3338,394880
2024-02-29,4,26,3150,139,7800,282,42150,2785,355600
2024-03-31,4,28,3900,183,12200,256,38250,2950,352280
2024-04-30,4,21,3000,124,8100,199,29700,2707,317940
2024-05-31,4,29,4350,128,8800,204,30150,2766,318680
2024-06-30,4,29,3750,160,8600,217,32400,3102,363800
2024-07-31,4,22,2850,125,7800,204,30150,2444,272130
2024-08-31,4,26,3300,188,12300,178,25800,3515,388280
2024-09-30,4,12,1350,175,11400,157,23100,3792,392750
2024-10-31,4,17,2400,132,7000,211,31200,3285,353910
2024-11-30,4,29,3150,182,14000,318,47100,3754,413920
2024-12-31,4,29,3300,186,11600,302,44850,4731,511340
2025-01-31,4,22,3150,139,9400,417,62250,4139,451520
2025-02-28,4,28,3600,133,10800,329,49200,3513,392810
2025-03-31,4,33,4500,126,8400,299,44850,3437,375470
2025-04-30,4,20,3000,177,11600,282,42300,3733,414940
2025-05-31,4,21,3150,176,12200,308,46200,3302,379850
2025-06-30,4,27,4050,152,10600,191,28650,2934,321330
2025-07-31,4,19,2850,160,10600,197,29550,3521,380770
2025-08-31,4,15,2250,169,11600,175,26250,3962,437060
2025-09-30,4,28,4200,140,9400,218,32700,3290,363640
2025-10-31,4,22,2850,166,9000,257,38550,3948,423590
2025-11-30,4,19,2850,208,14200,281,42150,3555,409620
2025-12-31,4,16,2400,182,12000,306,45900,4651,508030
2026-01-31,4,25,3750,150,8900,241,36150,3576,396200
2026-02-28,4,19,2850,133,9800,198,29700,3112,360570
2026-03-31,4,14,2100,143,8800,200,30000,3188,361770
2013-01-31,5,23,3450,162,1000,35,2800,2660,295530
2013-02-28,5,34,5100,193,1000,43,3440,2209,252940
2013-03-31,5,40,6000,212,2200,51,4080,2584,299070
2013-04-30,5,44,6600,131,800,46,3680,2315,262890
2013-05-31,5,68,10200,172,1800,39,3120,2352,263310
2013-06-30,5,39,5850,160,400,39,3120,2451,275520
2013-07-31,5,33,4950,162,2600,38,3040,2832,320160
2013-08-31,5,36,5400,197,600,50,4000,2814,323640
2013-09-30,5,44,6600,169,1400,63,5040,2748,308090
2013-10-31,5,39,5850,189,1600,62,4960,2507,274910
2013-11-30,5,36,5400,202,2600,75,6000,2188,252860
2013-12-31,5,34,5100,178,2800,50,4000,3197,284610
2014-01-31,5,39,5850,114,1000,53,4240,3172,285990
2014-02-28,5,34,5100,136,600,84,6720,2099,239020
2014-03-31,5,41,6150,133,2200,71,5680,1798,214190
2014-04-30,5,53,7950,124,600,77,6160,2960,311120
2014-05-31,5,68,10200,171,800,104,8320,2558,286150
2014-06-30,5,67,10050,137,1400,89,7120,2268,251400
2014-07-31,5,52,7650,132,600,109,8560,2964,335120
2014-08-31,5,60,8550,172,600,116,9280,2966,341830
2014-09-30,5,54,7950,154,1000,113,9040,2899,322860
2014-10-31,5,50,7350,184,1000,140,11040,3467,373940
2014-11-30,5,48,7200,150,800,115,8960,2987,330690
2014-12-31,5,61,9150,235,18000,143,11360,3637,346770
2015-01-31,5,51,7650,196,16300,149,11840,3404,348270
2015-02-28,5,58,8700,172,11600,132,10160,2451,275180
2015-03-31,5,72,10650,214,16200,176,13760,2656,303700
2015-04-30,5,77,11400,187,13400,119,9280,3090,338770
2015-05-31,5,101,15000,217,16400,152,11680,3018,333010
2015-06-30,5,68,10050,192,13800,114,8880,2852,314910
2015-07-31,5,52,7800,198,12200,175,13840,2776,322070
2015-08-31,5,56,8250,212,14600,158,12480,3289,386300
2015-09-30,5,64,9600,199,13000,183,14640,2927,354040
2015-10-31,5,66,9750,209,13400,137,10720,3425,399820
2015-11-30,5,71,10050,210,15800,111,8640,2670,324720
2015-12-31,5,74,10350,267,23600,140,11040,3939,415530
2016-01-31,5,47,7050,248,19800,131,9920,3702,408930
2016-02-29,5,59,8550,238,18200,172,13520,3003,349300
2016-03-31,5,79,11400,236,17000,180,14240,3095,364510
2016-04-30,5,69,9900,314,23600,186,14560,3376,407010
2016-05-31,5,83,11400,194,14200,133,10320,2748,327060
2016-06-30,5,77,11250,192,13000,108,8480,3447,401160
2016-07-31,5,68,10050,249,18300,164,12960,3458,419560
2016-08-31,5,61,8400,206,15000,197,15120,3424,408470
2016-09-30,5,42,5850,238,20600,133,10160,3360,414420
2016-10-31,5,54,7200,230,16800,176,13920,4005,471320
2016-11-30,5,51,7500,200,15200,121,9360,3258,392270
2016-12-31,5,53,7350,231,16600,144,10960,5069,523790
2017-01-31,5,33,4500,218,13800,128,9760,4216,447690
2017-02-28,5,63,7950,219,14600,258,19680,3727,451450
2017-03-31,5,71,10050,204,13000,211,16400,3482,428310
2017-04-30,5,64,9000,214,16000,150,11680,3483,395620
2017-05-31,5,65,9450,219,16600,170,13200,2979,360140
2017-06-30,5,57,7800,226,18200,152,11680,3239,406390
2017-07-31,5,66,9000,262,17400,162,12560,2787,345180
2017-08-31,5,59,7650,194,14200,152,11520,2802,341470
2017-09-30,5,47,6300,234,15300,131,9520,3006,361280
2017-10-31,5,54,7800,199,15000,169,12720,2971,371350
2017-11-30,5,50,7350,190,14800,167,13040,2639,340870
2017-12-31,5,54,7050,294,20000,146,10800,3267,414830
2018-01-31,5,39,4800,180,12600,131,9760,2583,328660
2018-02-28,5,39,5100,188,12600,89,6800,1951,254940
2018-03-31,5,41,5700,230,17000,78,5920,2341,307150
2018-04-30,5,41,5850,176,10800,82,6080,1906,248030
2018-05-31,5,64,9150,208,14200,278,21360,2028,266790
2018-06-30,5,55,7500,213,14800,109,7600,1928,236300
2018-07-31,5,66,8250,154,12400,134,10160,2246,281060
2018-08-31,5,42,6000,224,13200,113,8640,2375,300160
2018-09-30,5,44,5550,208,11400,220,16880,2347,301640
2018-10-31,5,53,7500,209,13300,166,12320,2851,362340
2018-11-30,5,66,9300,171,10800,230,17360,2835,347600
2018-12-31,5,52,7050,264,15200,186,14160,3591,447590
2019-01-31,5,51,7350,207,14800,140,10960,3085,386680
2019-02-28,5,59,7650,189,14400,164,12720,2461,322370
2019-03-31,5,51,6750,230,16200,182,14000,2795,340720
2019-04-30,5,53,7200,213,16400,212,15840,2884,367320
2019-05-31,5,62,7500,232,15200,178,13600,2672,350030
2019-06-30,5,60,7350,227,11800,151,11600,2774,350990
2019-07-31,5,70,8700,190,11400,260,19760,3174,383000
2019-08-31,5,56,7500,217,15200,198,14560,3376,399910
2019-09-30,5,51,5550,180,11400,372,28800,3090,380730
2019-10-31,5,56,7350,197,15800,205,15920,3454,399920
2019-11-30,5,42,5550,237,20200,214,16800,3833,443390
2019-12-31,5,35,4650,272,18600,225,17280,4574,495260
2020-01-31,5,33,4200,185,13800,328,25920,5244,549890
2020-02-29,5,34,4050,226,17800,348,27280,4501,448230
2020-03-31,5,43,5550,169,13400,566,44480,4209,422160
2020-04-30,5,18,2100,77,2000,101,7760,4007,373620
2020-05-31,5,32,3900,127,6200,458,36240,8018,720440
2020-06-30,5,52,7050,117,4600,804,63280,5649,529580
2020-07-31,5,62,7950,224,13800,532,41680,6044,552750
2020-08-31,5,51,6450,162,7000,402,32080,5707,523430
2020-09-30,5,48,6450,176,9800,504,40080,6205,578990
2020-10-31,5,50,6450,211,12400,606,47600,5597,535620
2020-11-30,5,37,5100,177,12000,610,48240,5103,495850
2020-12-31,5,39,5250,310,21200,660,52000,5755,562520
2021-01-31,5,29,4050,193,13400,368,29280,5211,515380
2021-02-28,5,26,3300,220,13200,568,45040,4496,442500
2021-03-31,5,35,5100,210,15400,456,36320,3991,409470
2021-04-30,5,40,5700,242,15000,524,43160,4476,454120
2021-05-31,5,31,4200,328,20500,440,65850,3849,383460
2021-06-30,5,34,4800,216,11800,377,56550,3719,367970
2021-07-31,5,39,5700,248,16200,382,57300,3866,378620
2021-08-31,5,39,4950,156,7600,304,45150,3686,355580
2021-09-30,5,24,3150,128,7400,330,49350,3989,365460
2021-10-31,5,27,3600,122,5000,475,71100,4341,404330
2021-11-30,5,32,4500,164,10000,678,101550,4153,375500
2021-12-31,5,25,3450,207,16500,532,79050,4340,424580
2022-01-31,5,29,4200,178,13000,396,59250,4249,421440
2022-02-28,5,15,2100,154,9300,307,45750,2831,281030
2022-03-31,5,28,3600,201,13000,422,63000,2640,269110
2022-04-30,5,36,4950,335,25200,513,76800,4224,417880
2022-05-31,5,38,5100,214,12600,631,94650,3731,362830
2022-06-30,5,28,3750,263,19900,378,56550,3529,348220
2022-07-31,5,43,6000,276,18000,361,53850,3728,351300
2022-08-31,5,37,5550,276,19500,487,72900,4088,374800
2022-09-30,5,46,6450,330,23000,787,117750,5259,467580
2022-10-31,5,29,4200,245,15000,634,94500,4435,417530
2022-11-30,5,38,5550,226,17000,563,84450,3768,359560
2022-12-31,5,20,2850,296,18800,473,70500,4975,465860
2023-01-31,5,31,4500,224,14400,366,54750,4114,390430
2023-02-28,5,36,4950,224,14400,477,71250,3409,325450
2023-03-31,5,36,5100,224,16000,529,79200,3732,356940
2023-04-30,5,36,4950,206,13600,459,68700,4104,393580
2023-05-31,5,26,3600,197,10000,421,63000,3511,325090
2023-06-30,5,31,4350,232,17300,436,65250,3813,349990
2023-07-31,5,40,6000,236,11600,551,82650,3979,369100
2023-08-31,5,34,5100,191,13200,637,95400,4126,393510
2023-09-30,5,45,6600,256,16200,600,90000,3823,357550
2023-10-31,5,48,6150,242,16600,456,67950,4315,384920
2023-11-30,5,35,4500,230,14200,455,67950,4078,364390
2023-12-31,5,41,5850,238,14600,411,61350,4864,444070
2024-01-31,5,30,4350,202,12500,416,61800,4305,389490
2024-02-29,5,30,3600,228,15100,483,72300,3181,298150
2024-03-31,5,37,5100,174,9800,454,68100,2963,264470
2024-04-30,5,44,6300,161,9000,470,70200,3513,328330
2024-05-31,5,45,6300,185,13100,561,84150,3900,353210
2024-06-30,5,32,4650,193,12000,503,75000,3733,329750
2024-07-31,5,21,2850,183,9400,515,76950,3743,325700
2024-08-31,5,39,5550,201,12000,454,67800,4079,357730
2024-09-30,5,25,3450,190,10400,394,58800,5055,409400
2024-10-31,5,27,3450,185,12400,378,56550,5798,470060
2024-11-30,5,25,3600,190,14800,354,52950,4338,368520
2024-12-31,5,26,3750,188,10400,348,51900,5057,427900
2025-01-31,5,27,4050,169,10200,359,53850,4846,422100
2025-02-28,5,33,4950,151,9400,292,43650,3880,332170
2025-03-31,5,22,3150,210,14400,273,40800,3778,340480
2025-04-30,5,21,3150,137,8400,260,39000,3666,316490
2025-05-31,5,31,4650,214,13200,279,41850,4128,359570
2025-06-30,5,32,4800,175,12000,272,40800,3907,341760
2025-07-31,5,31,4650,145,8100,242,36300,3658,314120
2025-08-31,5,21,3150,237,12400,312,46800,4417,383280
2025-09-30,5,32,4800,191,12400,258,38700,4767,405440
2025-10-31,5,31,4650,231,15400,357,53550,4949,418850
2025-11-30,5,29,4350,207,16500,466,69900,4292,361790
2025-12-31,5,40,6000,181,11000,380,57000,4872,425940
2026-01-31,5,17,2550,176,10800,225,33750,3547,299610
2026-02-28,5,28,4200,144,9000,280,42000,2606,233400
2026-03-31,5,23,3450,179,11300,379,56850,3757,317600
2013-01-31,6,53,7950,178,1400,39,3120,1056,134250
2013-02-28,6,70,10500,124,600,69,5520,898,111470
2013-03-31,6,84,12600,209,1600,65,5200,1087,128670
2013-04-30,6,103,15450,167,800,62,4960,1045,128160
2013-05-31,6,77,11550,176,1000,49,3920,1011,127610
2013-06-30,6,84,12600,154,1600,45,3600,1331,161820
2013-07-31,6,75,11250,155,400,62,4960,1289,161800
2013-08-31,6,82,12300,168,1000,71,5680,1548,187640
2013-09-30,6,70,10500,141,800,127,10160,1634,191780
2013-10-31,6,76,11400,154,1000,72,5760,1601,186960
2013-11-30,6,103,15450,160,200,70,5600,1341,156020
2013-12-31,6,102,15300,199,1600,100,8000,2544,214150
2014-01-31,6,81,12150,123,1000,71,5680,2202,176780
2014-02-28,6,89,13350,110,800,94,7520,1379,154160
2014-03-31,6,118,17700,150,400,118,9440,1574,183490
2014-04-30,6,119,17850,137,600,133,10640,1878,185370
2014-05-31,6,134,20100,164,400,151,12080,1776,187420
2014-06-30,6,132,19800,163,1200,121,9680,1890,196240
2014-07-31,6,225,33450,127,1000,141,11040,1834,197460
2014-08-31,6,169,25200,128,800,128,9840,1654,181630
2014-09-30,6,146,21450,103,800,160,12320,1796,191500
2014-10-31,6,114,16650,139,200,169,13520,1929,198550
2014-11-30,6,139,20250,132,1400,169,13440,1608,173390
2014-12-31,6,103,15000,185,16000,153,12000,2035,188820
2015-01-31,6,128,18900,211,20400,176,13440,1764,172480
2015-02-28,6,98,14550,161,14600,146,11440,1330,153590
2015-03-31,6,131,19350,166,12600,177,13680,1430,171880
2015-04-30,6,112,16500,134,7400,155,12160,2093,237020
2015-05-31,6,145,21300,190,15600,143,11040,1556,184330
2015-06-30,6,164,24150,143,9600,133,10480,1707,197380
2015-07-31,6,186,27750,170,11400,154,12080,1562,178520
2015-08-31,6,142,20850,159,12600,157,12080,1622,189890
2015-09-30,6,134,19800,202,15600,278,22080,1658,198200
2015-10-31,6,134,19800,207,14100,158,12320,1540,178100
2015-11-30,6,115,17250,198,13400,164,12800,1325,166150
2015-12-31,6,93,13800,198,13800,173,13360,1800,193470
2016-01-31,6,120,17850,192,16400,151,12080,1558,164550
2016-02-29,6,126,18750,173,15000,205,16080,1145,152680
2016-03-31,6,168,25050,172,12800,237,18480,1485,189220
2016-04-30,6,122,18150,168,11800,199,15680,1321,159650
2016-05-31,6,142,21300,125,7200,160,12640,1172,135430
2016-06-30,6,149,21300,154,8400,177,14160,1313,159370
2016-07-31,6,201,29400,175,11500,236,18480,1251,156190
2016-08-31,6,123,18000,189,15000,183,13840,1135,131890
2016-09-30,6,122,17700,193,13000,195,15040,1118,136840
2016-10-31,6,116,16650,169,11200,241,18720,1326,155910
2016-11-30,6,117,17250,159,11600,235,18480,1089,137920
2016-12-31,6,122,17400,196,12200,217,16720,1545,175340
2017-01-31,6,103,14700,175,10800,202,15680,1255,142820
2017-02-28,6,102,15000,137,7200,274,21440,1133,133750
2017-03-31,6,109,16200,172,9200,199,15520,958,125130
2017-04-30,6,111,15600,170,10800,185,14240,1212,152880
2017-05-31,6,121,16500,154,11400,248,19280,1354,171760
2017-06-30,6,114,16200,147,10000,205,15680,1417,181310
2017-07-31,6,97,13200,183,9600,155,12160,892,117300
2017-08-31,6,123,18150,175,10600,215,16880,1138,146480
2017-09-30,6,88,12600,141,8000,162,12080,1142,152250
2017-10-31,6,72,10350,176,11400,200,15680,1118,153920
2017-11-30,6,67,8400,179,11400,199,15440,960,133200
2017-12-31,6,66,9150,185,10800,180,13520,1032,133230
2018-01-31,6,69,9750,119,8400,128,9920,738,102060
2018-02-28,6,70,10050,145,8900,192,14400,779,110150
2018-03-31,6,112,15000,136,8200,183,14000,850,128730
2018-04-30,6,79,11250,131,6400,126,9200,787,112690
2018-05-31,6,105,14400,177,11800,251,18640,857,115070
2018-06-30,6,97,13500,176,11700,166,13040,1191,159990
2018-07-31,6,125,17250,150,7600,251,19200,1092,149940
2018-08-31,6,87,12000,161,9700,264,20160,1159,151910
2018-09-30,6,97,13800,154,8400,252,18960,1128,148620
2018-10-31,6,104,14700,165,10600,244,18880,1196,158980
2018-11-30,6,85,12150,176,11000,295,23200,1310,172920
2018-12-31,6,99,13650,201,12400,338,26080,1928,242330
2019-01-31,6,70,9450,170,10600,250,19520,1411,184860
2019-02-28,6,57,7650,123,6400,384,29200,1080,146010
2019-03-31,6,83,10800,172,11400,220,16720,1164,154490
2019-04-30,6,89,11400,153,8900,185,14160,1554,208050
2019-05-31,6,101,14100,155,7200,282,20960,1435,183370
2019-06-30,6,114,16050,160,9200,290,22080,1784,211570
2019-07-31,6,156,21000,133,7600,687,52640,1760,206380
2019-08-31,6,117,15900,167,9400,303,23280,3479,380770
2019-09-30,6,92,13050,174,10200,1234,94160,1463,174760
2019-10-31,6,65,9150,193,13000,362,27200,1490,182530
2019-11-30,6,100,13950,224,16000,407,31600,2271,266690
2019-12-31,6,74,10050,243,16000,450,34800,1972,238340
2020-01-31,6,91,11850,186,14200,333,24400,1991,249320
2020-02-29,6,76,10500,189,11800,582,44240,1492,188510
2020-03-31,6,90,12600,165,10600,698,49120,1498,178420
2020-04-30,6,35,4950,104,4800,132,9600,1492,193990
2020-05-31,6,82,10800,117,4400,262,18880,2028,251460
2020-06-30,6,117,16800,139,8300,344,25920,2166,260040
2020-07-31,6,104,13800,150,9800,306,22640,1919,242820
2020-08-31,6,111,15750,140,5800,362,27920,1859,236720
2020-09-30,6,102,14850,167,9400,313,23600,2159,272350
2020-10-31,6,82,11550,208,11000,571,43680,2334,275310
2020-11-30,6,101,13050,160,7800,497,38640,1912,232420
2020-12-31,6,88,12000,178,9600,407,31520,1619,199860
2021-01-31,6,51,7050,163,10000,393,30160,2189,277040
2021-02-28,6,59,7350,139,5800,556,43520,1858,218070
2021-03-31,6,76,9450,119,6400,540,40240,1659,190160
2021-04-30,6,90,12300,136,11400,545,43220,1560,184040
2021-05-31,6,67,8850,169,12200,498,71700,1528,187070
2021-06-30,6,52,7200,152,8200,445,64650,1588,192460
2021-07-31,6,102,13950,194,13700,458,66450,1975,230970
2021-08-31,6,78,10500,103,5400,381,54900,2156,260070
2021-09-30,6,82,10800,66,3600,267,38700,1766,204860
2021-10-31,6,52,7050,127,6600,338,47700,1828,217980
2021-11-30,6,47,6300,116,6000,619,90450,1771,215200
2021-12-31,6,62,8700,165,11000,325,46800,1847,225390
2022-01-31,6,63,8700,146,9200,371,54150,2122,257270
2022-02-28,6,60,8700,88,5400,444,64200,1556,190340
2022-03-31,6,39,5100,129,3400,195,28350,1204,156870
2022-04-30,6,66,8850,142,6200,411,59250,1851,243910
2022-05-31,6,75,10500,162,10000,429,61800,1430,166920
2022-06-30,6,61,8700,136,9000,355,52050,1443,172670
2022-07-31,6,64,8250,168,8200,352,50700,1589,195600
2022-08-31,6,76,10650,141,4200,436,64200,1540,183400
2022-09-30,6,87,11250,196,14400,438,61350,1914,238230
2022-10-31,6,89,12150,212,12800,425,61650,2469,303480
2022-11-30,6,63,8550,166,12900,563,81750,1828,222630
2022-12-31,6,81,11100,235,15200,431,63150,1943,257040
2023-01-31,6,72,9450,194,11400,392,56700,2144,273350
2023-02-28,6,72,9450,182,12400,445,64800,1531,190400
2023-03-31,6,85,11700,196,12900,409,60450,1374,177020
2023-04-30,6,89,11850,154,8900,379,55800,2009,256630
2023-05-31,6,77,10050,163,9800,418,61950,1498,188590
2023-06-30,6,78,9900,165,11800,278,39450,2001,270760
2023-07-31,6,73,10200,162,9400,250,36300,2048,267750
2023-08-31,6,66,9450,158,10600,420,61050,2197,287040
2023-09-30,6,68,8550,176,12100,405,58950,2864,327260
2023-10-31,6,61,8250,178,10400,389,56100,3161,368760
2023-11-30,6,73,9750,194,12200,550,79350,3009,339530
2023-12-31,6,79,11100,224,12400,522,74400,3172,374980
2024-01-31,6,87,12150,223,14800,522,76050,3504,409380
2024-02-29,6,66,9150,142,7400,529,76500,2474,287400
2024-03-31,6,77,10200,162,12600,631,91650,3439,382050
2024-04-30,6,67,8850,153,8800,465,66900,3327,358380
2024-05-31,6,102,12900,185,12800,523,74250,3149,328520
2024-06-30,6,79,10350,211,13600,309,44400,3221,344440
2024-07-31,6,67,9150,148,11000,373,53700,2747,293630
2024-08-31,6,64,8550,174,12500,446,64500,2914,319060
2024-09-30,6,60,8250,184,14200,495,69300,4075,414740
2024-10-31,6,56,7200,189,14700,389,55200,4398,430300
2024-11-30,6,64,7800,198,16300,493,70800,3754,372320
2024-12-31,6,62,7950,187,12800,383,55050,4884,473410
2025-01-31,6,56,7650,145,11600,442,61800,4425,421150
2025-02-28,6,47,6000,166,9600,382,52950,3662,349750
2025-03-31,6,58,7800,161,7400,432,62100,4086,390950
2025-04-30,6,55,8250,154,12400,476,71400,4577,420490
2025-05-31,6,65,9750,179,10600,474,71100,4541,404010
2025-06-30,6,59,8850,164,10000,390,58500,4498,397090
2025-07-31,6,46,6750,162,11400,458,68700,5632,475870
2025-08-31,6,50,7350,161,9200,486,72900,4690,415600
2025-09-30,6,47,7050,137,10800,348,52200,5297,468210
2025-10-31,6,44,6600,172,9800,455,68250,4934,428030
2025-11-30,6,41,6150,184,12100,451,67650,4444,398820
2025-12-31,6,37,5550,155,9400,341,51150,3772,352500
2026-01-31,6,48,7200,167,10900,285,42750,4073,389670
2026-02-28,6,38,5700,153,11200,381,57150,3295,320550
2026-03-31,6,31,4650,164,13000,520,78000,4266,380740
